workload,structure,n,timeMs,metric
random_access,dynamic_array,100,0.473,10000
random_access,linked_list,100,2.160,10000
random_access,dynamic_array,1000,0.046,10000
random_access,linked_list,1000,7.506,10000
random_access,dynamic_array,10000,0.066,10000
random_access,linked_list,10000,84.309,10000
random_access,dynamic_array,100000,0.007,10000
random_access,linked_list,100000,1301.242,10000
search,dynamic_array,100,0.258,100000
search,linked_list,100,0.282,100000
search,dynamic_array,1000,0.273,1000000
search,linked_list,1000,1.951,1000000
search,dynamic_array,10000,1.984,9925648
search,linked_list,10000,36.473,9925648
search,dynamic_array,100000,19.926,93756058
search,linked_list,100000,213.920,93756058
insert_begin,dynamic_array,100,3.056,599500
insert_begin,linked_list,100,0.070,0
remove_begin,dynamic_array,100,0.061,4950
remove_begin,linked_list,100,0.012,0
insert_middle,dynamic_array,100,0.082,549500
insert_middle,linked_list,100,0.122,49000
remove_middle,dynamic_array,100,0.011,1225
remove_middle,linked_list,100,0.016,3626
insert_begin,dynamic_array,1000,0.118,1499500
insert_begin,linked_list,1000,0.036,0
remove_begin,dynamic_array,1000,0.808,499500
remove_begin,linked_list,1000,0.077,0
insert_middle,dynamic_array,1000,0.103,999500
insert_middle,linked_list,1000,0.809,499000
remove_middle,dynamic_array,1000,0.080,124750
remove_middle,linked_list,1000,0.656,373751
insert_begin,dynamic_array,10000,0.535,10499500
insert_begin,linked_list,10000,0.030,0
remove_begin,dynamic_array,10000,0.438,9499500
remove_begin,linked_list,10000,0.076,0
insert_middle,dynamic_array,10000,0.374,5499500
insert_middle,linked_list,10000,7.999,4999000
remove_middle,dynamic_array,10000,0.248,4499500
remove_middle,linked_list,10000,8.298,4999000
insert_begin,dynamic_array,100000,9.283,100499500
insert_begin,linked_list,100000,0.032,0
remove_begin,dynamic_array,100000,7.842,99499500
remove_begin,linked_list,100000,0.077,0
insert_middle,dynamic_array,100000,4.727,50499500
insert_middle,linked_list,100000,84.026,49999000
remove_middle,dynamic_array,100000,3.884,49499500
remove_middle,linked_list,100000,93.175,49999000
heap_insert,min_heap,100,0.106,206
heap_extract,min_heap,100,0.043,848
heap_insert,min_heap,1000,0.050,2232
heap_extract,min_heap,1000,0.131,14980
heap_insert,min_heap,10000,0.444,22779
heap_extract,min_heap,10000,1.304,216548
heap_insert,min_heap,100000,2.318,227941
heap_extract,min_heap,100000,10.793,2831864
